"cooked","brown","rice"
"B-NAME","I-NAME","I-NAME"
"B-COMMENT","B-NAME","I-NAME"


"1","/","2","lb",".","shaved","Brussels","sprouts"
"B-QTY","I-QTY","I-QTY","B-UNIT","OTHER","B-NAME","I-NAME","I-NAME"
"B-QTY","I-QTY","I-QTY","B-UNIT","OTHER","B-COMMENT","B-NAME","I-NAME"


"1","/","2","cup","finely","chopped","basil","and","parsley",",","plus","basil","leaves","for","serving"
"B-QTY","I-QTY","I-QTY","B-UNIT","B-COMMENT","I-COMMENT","B-NAME","I-NAME","I-NAME","I-COMMENT","I-COMMENT","I-COMMENT","I-COMMENT","I-COMMENT","I-COMMENT"
"B-QTY","I-QTY","I-QTY","B-UNIT","B-COMMENT","I-COMMENT","B-NAME","OTHER","B-NAME","I-COMMENT","I-COMMENT","I-COMMENT","I-COMMENT","I-COMMENT","I-COMMENT"


"2","tbsp","grated","parmesan","cheese",",","Parmigiano","Reggiano"
"B-QTY","B-UNIT","B-NAME","I-NAME","I-NAME","OTHER","B-COMMENT","I-COMMENT"
"B-QTY","B-UNIT","B-COMMENT","I-NAME","I-NAME","OTHER","I-COMMENT","I-COMMENT"


"1","very","small","(",".","5","oz","15","g",")","bunch","cilantro","sprigs"
"B-QTY","B-UNIT","I-UNIT","OTHER","OTHER","I-UNIT","I-UNIT","OTHER","I-UNIT","OTHER","I-UNIT","B-NAME","I-NAME"
"B-QTY","B-UNIT","I-UNIT","OTHER","I-UNIT","I-UNIT","I-UNIT","I-UNIT","I-UNIT","OTHER","I-UNIT","B-NAME","I-NAME"


"1","UNK","cucumber","-","3","cups"
"B-QTY","B-NAME","I-NAME","OTHER","B-QTY","B-UNIT"
"B-QTY","B-NAME","I-NAME","OTHER","B-COMMENT","I-COMMENT"


"Sliced","avocado",",","onion",",","tomato",",","and","or","lettuce","(","(","optional","/","/","for","serving",")",")"
"B-COMMENT","B-NAME","OTHER","B-NAME","OTHER","B-NAME","OTHER","OTHER","I-COMMENT","B-NAME","OTHER","I-COMMENT","I-COMMENT","OTHER","OTHER","I-COMMENT","I-COMMENT","OTHER","OTHER"
"B-COMMENT","B-NAME","OTHER","B-NAME","OTHER","B-NAME","OTHER","OTHER","OTHER","B-NAME","OTHER","OTHER","I-COMMENT","OTHER","OTHER","I-COMMENT","I-COMMENT","OTHER","OTHER"


"1","cup","saut√©ed","mushrooms"
"B-QTY","B-UNIT","B-NAME","I-NAME"
"B-QTY","B-UNIT","B-COMMENT","B-NAME"


"1","/","2","pound","cooked","chicken",",","shredded","(","about","1","1","/","3","cups",")"
"B-QTY","I-QTY","I-QTY","B-UNIT","B-COMMENT","B-NAME","OTHER","B-COMMENT","I-COMMENT","I-COMMENT","I-COMMENT","I-COMMENT","I-COMMENT","I-COMMENT","I-COMMENT","I-COMMENT"
"B-QTY","I-QTY","I-QTY","B-UNIT","B-COMMENT","B-NAME","I-COMMENT","I-COMMENT","I-COMMENT","I-COMMENT","I-COMMENT","I-COMMENT","I-COMMENT","I-COMMENT","I-COMMENT","I-COMMENT"


"4","UNK","UNK","UNK"
"B-QTY","B-NAME","B-UNIT","I-NAME"
"B-QTY","B-UNIT","B-NAME","I-NAME"


"2","tablespoons","grated","fresh","Parmesan"
"B-QTY","B-UNIT","B-COMMENT","B-NAME","I-NAME"
"B-QTY","B-UNIT","B-NAME","OTHER","I-NAME"


"Tomato","Soup"
"B-NAME","I-NAME"
"OTHER","OTHER"


"1","(","32","ounce",")","jar","prepared","marinara","sauce"
"B-QTY","OTHER","B-UNIT","I-UNIT","OTHER","I-UNIT","B-NAME","I-NAME","I-NAME"
"B-QTY","OTHER","B-UNIT","I-UNIT","OTHER","I-UNIT","OTHER","B-NAME","I-NAME"


"5","Eggs",",","beaten"
"B-QTY","B-NAME","OTHER","B-COMMENT"
"B-QTY","B-NAME","OTHER","I-COMMENT"


"1","teaspoon","white","ground","pepper"
"B-QTY","B-UNIT","B-NAME","I-NAME","I-NAME"
"B-QTY","B-UNIT","B-NAME","I-NAME","B-NAME"


"2","thick",",","wild","salmon","fillets","(","6","to","8","ounces","each",")"
"B-QTY","B-NAME","I-NAME","I-NAME","I-NAME","B-UNIT","OTHER","B-UNIT","I-COMMENT","I-COMMENT","I-COMMENT","I-COMMENT","OTHER"
"B-QTY","B-UNIT","OTHER","B-NAME","I-NAME","I-UNIT","OTHER","I-UNIT","I-UNIT","I-UNIT","I-UNIT","OTHER","OTHER"


"1","1","1","/","2","piece","ginger",",","peeled",",","finely","chopped"
"B-QTY","I-QTY","I-QTY","I-QTY","I-UNIT","I-UNIT","B-NAME","OTHER","B-COMMENT","I-COMMENT","I-COMMENT","I-COMMENT"
"B-QTY","I-QTY","I-QTY","I-QTY","I-QTY","B-UNIT","B-NAME","OTHER","B-COMMENT","I-COMMENT","I-COMMENT","I-COMMENT"


"two","14",".","5","-","ounce","cans","petite","diced","tomatoes","(","I","use","no","-","salt","added",")"
"OTHER","B-UNIT","I-UNIT","I-UNIT","I-UNIT","I-UNIT","I-UNIT","B-NAME","I-NAME","I-NAME","OTHER","B-COMMENT","I-COMMENT","I-COMMENT","I-COMMENT","I-COMMENT","I-COMMENT","OTHER"
"B-QTY","B-UNIT","I-UNIT","I-UNIT","I-UNIT","I-UNIT","I-UNIT","B-NAME","I-NAME","I-NAME","OTHER","B-COMMENT","I-COMMENT","I-COMMENT","I-COMMENT","I-COMMENT","I-COMMENT","OTHER"


"za","atar"
"B-NAME","OTHER"
"B-NAME","I-NAME"


"juice","and","zest","of","1","/","2","lemon"
"I-NAME","OTHER","B-NAME","OTHER","B-QTY","I-QTY","I-QTY","B-NAME"
"I-NAME","OTHER","I-NAME","OTHER","B-QTY","I-QTY","I-QTY","B-NAME"


"1","cup","of","finely","diced","red","or","yellow","bell","pepper"
"B-QTY","B-UNIT","OTHER","B-COMMENT","I-COMMENT","I-COMMENT","I-COMMENT","B-NAME","I-NAME","I-NAME"
"B-QTY","B-UNIT","OTHER","B-COMMENT","I-COMMENT","B-NAME","I-COMMENT","I-COMMENT","I-NAME","I-NAME"


"additional","seasonings","optional","(","I","added","a","pinch","of","this","Go","-","To","seasoning","from","UNK","s","UNK","Cooking",")"
"B-COMMENT","I-COMMENT","I-COMMENT","OTHER","I-COMMENT","OTHER","OTHER","B-UNIT","OTHER","OTHER","OTHER","OTHER","I-NAME","I-NAME","OTHER","I-COMMENT","I-COMMENT","I-COMMENT","OTHER","OTHER"
"OTHER","OTHER","OTHER","OTHER","OTHER","OTHER","OTHER","OTHER","OTHER","OTHER","OTHER","OTHER","OTHER","OTHER","OTHER","OTHER","OTHER","OTHER","OTHER","OTHER"


"1",".","5","UNK","/","6","cups","/","1",".","5","quarts","good","quality","beef","broth",".","/","stock","OR","chicken","(",",","low","sodium","/","salt","reduced","(","Note","3",")",")"
"B-QTY","I-QTY","I-QTY","B-UNIT","OTHER","B-QTY","B-UNIT","OTHER","B-QTY","I-QTY","I-QTY","B-UNIT","B-COMMENT","I-COMMENT","B-NAME","I-NAME","I-COMMENT","OTHER","B-COMMENT","I-COMMENT","I-NAME","OTHER","I-COMMENT","I-COMMENT","I-COMMENT","I-COMMENT","I-COMMENT","I-COMMENT","OTHER","OTHER","OTHER","OTHER","OTHER"
"B-QTY","I-QTY","I-QTY","B-UNIT","OTHER","B-QTY","B-UNIT","OTHER","B-QTY","I-QTY","I-QTY","B-UNIT","OTHER","OTHER","B-NAME","I-NAME","OTHER","OTHER","B-COMMENT","I-COMMENT","I-COMMENT","I-COMMENT","OTHER","I-COMMENT","I-COMMENT","I-COMMENT","I-COMMENT","I-COMMENT","OTHER","OTHER","OTHER","OTHER","I-COMMENT"


"3","-","4","smashed","and","rough","chopped","garlic","cloves"
"B-QTY","OTHER","B-QTY","B-UNIT","I-COMMENT","I-COMMENT","I-COMMENT","B-NAME","B-UNIT"
"B-QTY","OTHER","B-QTY","B-COMMENT","I-COMMENT","I-COMMENT","I-COMMENT","B-NAME","B-UNIT"


"Lime","wedges",",","for","serving"
"B-NAME","I-NAME","OTHER","B-COMMENT","I-COMMENT"
"B-NAME","B-UNIT","OTHER","B-COMMENT","I-COMMENT"


"1","/","2","tsp","toasted","sesame","oil"
"B-QTY","I-QTY","I-QTY","B-UNIT","B-NAME","B-NAME","I-NAME"
"B-QTY","I-QTY","I-QTY","B-UNIT","B-NAME","I-NAME","I-NAME"


"1","(","32","ounce",")","jar","prepared","marinara","sauce"
"B-QTY","OTHER","B-UNIT","I-UNIT","OTHER","I-UNIT","B-NAME","I-NAME","I-NAME"
"B-QTY","OTHER","B-UNIT","I-UNIT","OTHER","I-UNIT","OTHER","B-NAME","I-NAME"


"fresh","-","ground","black","pepper","to","taste"
"OTHER","OTHER","I-NAME","I-NAME","I-NAME","B-COMMENT","I-COMMENT"
"OTHER","OTHER","B-NAME","I-NAME","I-NAME","B-COMMENT","I-COMMENT"


"2","cups","shredded","part","skim","mozzarella","(","8","oz",")","(","I","recommend","Polly","-","O",")"
"B-QTY","B-UNIT","B-NAME","I-NAME","I-NAME","I-NAME","OTHER","B-COMMENT","I-COMMENT","OTHER","I-COMMENT","I-COMMENT","I-COMMENT","I-COMMENT","I-COMMENT","I-COMMENT","I-COMMENT"
"B-QTY","B-UNIT","B-NAME","I-NAME","I-NAME","I-NAME","OTHER","I-COMMENT","I-COMMENT","OTHER","I-COMMENT","I-COMMENT","I-COMMENT","I-COMMENT","I-COMMENT","I-COMMENT","I-COMMENT"


"1","Tbsp","honey"
"B-QTY","B-UNIT","B-NAME"
"B-QTY","B-UNIT","I-NAME"


"1","lb",".","ground","turkey","or","ground","beef"
"B-QTY","B-UNIT","OTHER","B-NAME","I-NAME","B-COMMENT","I-COMMENT","I-NAME"
"B-QTY","B-UNIT","OTHER","B-NAME","I-NAME","B-COMMENT","I-COMMENT","I-COMMENT"


"2","Cups","diced","tomatoes","(","or","one","1","can","diced",")"
"B-QTY","B-UNIT","B-COMMENT","B-NAME","I-COMMENT","I-COMMENT","I-COMMENT","I-COMMENT","I-COMMENT","I-COMMENT","OTHER"
"B-QTY","B-UNIT","B-NAME","I-NAME","OTHER","B-COMMENT","I-COMMENT","I-COMMENT","I-COMMENT","I-COMMENT","OTHER"


"8","boneless",",","(","skinless","chicken","tenders",")"
"B-QTY","B-NAME","OTHER","OTHER","B-COMMENT","I-NAME","I-NAME","OTHER"
"B-QTY","B-NAME","I-NAME","OTHER","I-NAME","I-NAME","I-NAME","OTHER"


"3","tablespoons","oil","(","(","divided",")",")"
"B-QTY","B-UNIT","B-NAME","OTHER","OTHER","I-COMMENT","I-COMMENT","OTHER"
"B-QTY","B-UNIT","B-NAME","OTHER","OTHER","B-COMMENT","OTHER","OTHER"


"1","/","2","pound","cooked","chicken",",","shredded","(","about","1","1","/","3","cups",")"
"B-QTY","I-QTY","I-QTY","B-UNIT","B-COMMENT","B-NAME","OTHER","B-COMMENT","I-COMMENT","I-COMMENT","I-COMMENT","I-COMMENT","I-COMMENT","I-COMMENT","I-COMMENT","I-COMMENT"
"B-QTY","I-QTY","I-QTY","B-UNIT","B-COMMENT","B-NAME","I-COMMENT","I-COMMENT","I-COMMENT","I-COMMENT","I-COMMENT","I-COMMENT","I-COMMENT","I-COMMENT","I-COMMENT","I-COMMENT"


"2","whole","UNK","chicken","breasts","or","boneless","skin","-","on","chicken","breasts","(","6","to","8","ounces","each",")"
"B-QTY","B-NAME","I-NAME","I-NAME","I-NAME","B-COMMENT","I-COMMENT","I-COMMENT","I-COMMENT","I-COMMENT","I-COMMENT","I-COMMENT","I-COMMENT","I-COMMENT","I-COMMENT","I-COMMENT","I-COMMENT","I-COMMENT","I-COMMENT"
"B-QTY","B-UNIT","B-NAME","I-NAME","I-NAME","B-COMMENT","I-COMMENT","I-COMMENT","I-COMMENT","I-COMMENT","I-COMMENT","I-COMMENT","I-COMMENT","I-COMMENT","I-COMMENT","I-COMMENT","I-COMMENT","I-COMMENT","I-COMMENT"


"1","/","4","cup","minced","red","onion",",","finely","diced"
"B-QTY","I-QTY","I-QTY","B-UNIT","B-COMMENT","B-NAME","I-NAME","I-COMMENT","I-COMMENT","I-COMMENT"
"B-QTY","I-QTY","I-QTY","B-UNIT","B-COMMENT","B-NAME","I-NAME","OTHER","OTHER","OTHER"


"12","tablespoons","shredded","cheddar","or","pepper","jack","cheese"
"B-QTY","B-UNIT","B-COMMENT","B-NAME","I-COMMENT","I-COMMENT","I-COMMENT","I-NAME"
"B-QTY","B-UNIT","B-NAME","I-NAME","B-COMMENT","I-COMMENT","I-COMMENT","I-COMMENT"


"handful","finely","grated","Parmesan","cheese"
"B-UNIT","B-NAME","I-COMMENT","I-NAME","I-NAME"
"B-UNIT","B-NAME","I-NAME","I-NAME","I-NAME"


"16","ounce","quartered","Brussels","sprouts"
"B-QTY","B-UNIT","B-NAME","I-NAME","I-NAME"
"B-QTY","B-UNIT","B-COMMENT","B-NAME","I-NAME"


"3","cups","cooked","lentils","(","I","used","green","lentils","because","they","UNK","their","shape","after","being","cooked",")"
"B-QTY","B-UNIT","B-COMMENT","B-NAME","I-COMMENT","I-COMMENT","I-COMMENT","I-COMMENT","I-COMMENT","I-COMMENT","I-COMMENT","I-COMMENT","I-COMMENT","I-COMMENT","I-COMMENT","I-COMMENT","I-COMMENT","I-COMMENT"
"B-QTY","B-UNIT","I-UNIT","B-NAME","OTHER","B-COMMENT","I-COMMENT","I-COMMENT","I-COMMENT","I-COMMENT","I-COMMENT","I-COMMENT","I-COMMENT","I-COMMENT","I-COMMENT","I-COMMENT","I-COMMENT","OTHER"


"12","tablespoons","shredded","cheddar","or","pepper","jack","cheese"
"B-QTY","B-UNIT","B-COMMENT","B-NAME","I-COMMENT","I-COMMENT","I-COMMENT","I-NAME"
"B-QTY","B-UNIT","B-NAME","I-NAME","B-COMMENT","I-COMMENT","I-COMMENT","I-COMMENT"


"2","1","/","2","pounds","trimmed",",","boneless","pork","shoulder","blade","roast"
"B-QTY","I-QTY","I-QTY","I-QTY","B-UNIT","B-NAME","I-NAME","I-NAME","I-NAME","I-NAME","I-NAME","I-NAME"
"B-QTY","I-QTY","I-QTY","I-QTY","B-UNIT","B-COMMENT","OTHER","B-NAME","I-NAME","I-NAME","I-NAME","I-NAME"


"1","lb","turkey","pastrami","(","or"
"B-QTY","B-UNIT","B-NAME","I-NAME","OTHER","B-COMMENT"
"B-QTY","B-UNIT","B-NAME","I-NAME","OTHER","OTHER"


"1",".","5","UNK","/","6","cups","/","1",".","5","quarts","good","quality","beef","broth",".","/","stock","OR","chicken","(",",","low","sodium","/","salt","reduced","(","Note","3",")",")"
"B-QTY","I-QTY","I-QTY","B-UNIT","OTHER","B-QTY","B-UNIT","OTHER","B-QTY","I-QTY","I-QTY","B-UNIT","B-COMMENT","I-COMMENT","B-NAME","I-NAME","I-COMMENT","OTHER","B-COMMENT","I-COMMENT","I-NAME","OTHER","I-COMMENT","I-COMMENT","I-COMMENT","I-COMMENT","I-COMMENT","I-COMMENT","OTHER","OTHER","OTHER","OTHER","OTHER"
"B-QTY","I-QTY","I-QTY","B-UNIT","OTHER","B-QTY","B-UNIT","OTHER","B-QTY","I-QTY","I-QTY","B-UNIT","OTHER","OTHER","B-NAME","I-NAME","OTHER","OTHER","B-COMMENT","I-COMMENT","I-COMMENT","I-COMMENT","OTHER","I-COMMENT","I-COMMENT","I-COMMENT","I-COMMENT","I-COMMENT","OTHER","OTHER","OTHER","OTHER","I-COMMENT"


"A","few","sprigs","of","cilantro","per","sandwich"
"OTHER","B-QTY","B-UNIT","OTHER","B-NAME","B-COMMENT","I-COMMENT"
"B-QTY","I-QTY","B-UNIT","OTHER","B-NAME","B-COMMENT","I-COMMENT"


"1","tsp","finely","minced","or","grated","ginger","root"
"B-QTY","B-UNIT","B-COMMENT","I-COMMENT","I-COMMENT","I-COMMENT","I-NAME","I-NAME"
"B-QTY","B-UNIT","B-COMMENT","I-COMMENT","I-COMMENT","I-COMMENT","B-NAME","I-NAME"


"1","teaspoon","white","ground","pepper"
"B-QTY","B-UNIT","B-NAME","I-NAME","I-NAME"
"B-QTY","B-UNIT","B-NAME","I-NAME","B-NAME"


"2","whole","UNK","chicken","breasts","or","boneless","skin","-","on","chicken","breasts","(","6","to","8","ounces","each",")"
"B-QTY","B-NAME","I-NAME","I-NAME","I-NAME","B-COMMENT","I-COMMENT","I-COMMENT","I-COMMENT","I-COMMENT","I-COMMENT","I-COMMENT","I-COMMENT","I-COMMENT","I-COMMENT","I-COMMENT","I-COMMENT","I-COMMENT","I-COMMENT"
"B-QTY","B-UNIT","B-NAME","I-NAME","I-NAME","B-COMMENT","I-COMMENT","I-COMMENT","I-COMMENT","I-COMMENT","I-COMMENT","I-COMMENT","I-COMMENT","I-COMMENT","I-COMMENT","I-COMMENT","I-COMMENT","I-COMMENT","I-COMMENT"


"Romaine","lettuce","leaves",",","for","serving"
"B-NAME","I-NAME","I-NAME","OTHER","B-COMMENT","I-COMMENT"
"B-NAME","I-NAME","B-UNIT","OTHER","B-COMMENT","I-COMMENT"


"Chopped","parsley","and","chopped","chives","(","for","serving",")"
"B-COMMENT","B-NAME","OTHER","B-COMMENT","B-NAME","I-COMMENT","I-COMMENT","I-COMMENT","I-COMMENT"
"B-COMMENT","B-NAME","OTHER","I-COMMENT","B-NAME","I-COMMENT","I-COMMENT","I-COMMENT","I-COMMENT"


"12","ounces","boneless","beef","sirloin","steak",",","thinly","sliced","across","the","grain","(","see","Tip",")"
"B-QTY","B-UNIT","B-NAME","I-NAME","I-NAME","I-NAME","OTHER","B-COMMENT","I-COMMENT","I-COMMENT","I-COMMENT","I-COMMENT","I-COMMENT","I-COMMENT","I-COMMENT","I-COMMENT"
"B-QTY","B-UNIT","B-NAME","I-NAME","I-NAME","I-NAME","OTHER","B-COMMENT","I-COMMENT","I-COMMENT","I-COMMENT","I-COMMENT","OTHER","OTHER","OTHER","OTHER"


"2","thick",",","wild","salmon","fillets","(","6","to","8","ounces","each",")"
"B-QTY","B-NAME","I-NAME","I-NAME","I-NAME","B-UNIT","OTHER","B-UNIT","I-COMMENT","I-COMMENT","I-COMMENT","I-COMMENT","OTHER"
"B-QTY","B-UNIT","OTHER","B-NAME","I-NAME","I-UNIT","OTHER","I-UNIT","I-UNIT","I-UNIT","I-UNIT","OTHER","OTHER"


"1","(","32","ounce",")","jar","prepared","marinara","sauce"
"B-QTY","OTHER","B-UNIT","I-UNIT","OTHER","I-UNIT","B-NAME","I-NAME","I-NAME"
"B-QTY","OTHER","B-UNIT","I-UNIT","OTHER","I-UNIT","OTHER","B-NAME","I-NAME"


"4","ounces","haricot","verts","(","French","green","beans",")",",","trimmed"
"B-QTY","B-UNIT","B-NAME","I-NAME","B-COMMENT","I-COMMENT","I-COMMENT","I-COMMENT","OTHER","I-COMMENT","I-COMMENT"
"B-QTY","B-UNIT","B-NAME","I-NAME","OTHER","B-COMMENT","I-COMMENT","I-COMMENT","OTHER","I-COMMENT","I-COMMENT"


"UNK","as","desired",",","such","as","Chipotle","Mayonnaise",",","ketchup",",","mustard",",","or","mayonnaise","(","optional",")"
"OTHER","OTHER","OTHER","OTHER","OTHER","OTHER","B-NAME","I-NAME","OTHER","B-NAME","I-COMMENT","B-NAME","I-COMMENT","I-COMMENT","I-COMMENT","I-COMMENT","I-COMMENT","I-COMMENT"
"OTHER","OTHER","OTHER","OTHER","OTHER","OTHER","B-NAME","I-NAME","OTHER","B-COMMENT","I-COMMENT","I-COMMENT","I-COMMENT","I-COMMENT","I-COMMENT","I-COMMENT","I-COMMENT","I-COMMENT"


"2","large","or","3","medium","avocados","(","peeled",",","pitted","sliced",")"
"B-QTY","B-UNIT","OTHER","B-QTY","B-UNIT","B-NAME","OTHER","I-COMMENT","I-COMMENT","I-COMMENT","I-COMMENT","OTHER"
"B-QTY","B-UNIT","OTHER","B-QTY","B-UNIT","B-NAME","OTHER","B-COMMENT","I-COMMENT","I-COMMENT","I-COMMENT","OTHER"


"300","g","/","4","cups","(","packed","cauliflower","small","florets","(","1","small","/","1","/","2","large","cauliflower",")",")"
"B-QTY","B-UNIT","OTHER","B-QTY","B-UNIT","OTHER","B-COMMENT","I-COMMENT","I-COMMENT","I-COMMENT","I-COMMENT","I-COMMENT","I-COMMENT","I-COMMENT","I-COMMENT","I-COMMENT","I-COMMENT","I-COMMENT","I-COMMENT","I-COMMENT","OTHER"
"B-QTY","B-UNIT","OTHER","B-QTY","B-UNIT","OTHER","I-UNIT","B-NAME","I-NAME","I-NAME","OTHER","B-COMMENT","I-COMMENT","I-COMMENT","I-COMMENT","I-COMMENT","I-COMMENT","I-COMMENT","I-COMMENT","OTHER","OTHER"


"2","5","-","ounce","cans","of","albacore","tuna","(","preferably","packed","in","olive","oil",")",",","drained"
"B-QTY","B-UNIT","I-UNIT","I-UNIT","I-UNIT","OTHER","I-NAME","I-NAME","OTHER","B-COMMENT","I-COMMENT","I-COMMENT","I-COMMENT","I-COMMENT","OTHER","I-COMMENT","I-COMMENT"
"B-QTY","B-UNIT","I-UNIT","I-UNIT","I-UNIT","OTHER","B-NAME","I-NAME","OTHER","B-COMMENT","I-COMMENT","I-COMMENT","I-COMMENT","I-COMMENT","OTHER","I-COMMENT","I-COMMENT"


"1","teaspon","dried","parsley"
"B-QTY","B-NAME","B-NAME","I-NAME"
"B-QTY","B-UNIT","B-NAME","I-NAME"


"1","/","2","cup","slivered","scallions",",","both","white","and","green","parts"
"B-QTY","I-QTY","I-QTY","B-UNIT","B-NAME","I-NAME","OTHER","B-COMMENT","I-COMMENT","I-COMMENT","I-COMMENT","I-COMMENT"
"B-QTY","I-QTY","I-QTY","B-UNIT","B-COMMENT","B-NAME","I-COMMENT","I-COMMENT","I-COMMENT","I-COMMENT","I-COMMENT","I-COMMENT"


"1","cup","(","200","grams",")","dried","chickpeas",",","soaked","overnight","and","cooked","or","1","(","15","-","ounce","/","425","-","gram",")","can","chickpeas",",","drained"
"B-QTY","B-UNIT","OTHER","B-QTY","B-UNIT","OTHER","B-NAME","I-NAME","OTHER","B-COMMENT","I-COMMENT","I-COMMENT","I-COMMENT","I-COMMENT","I-COMMENT","I-COMMENT","I-COMMENT","I-COMMENT","I-COMMENT","I-COMMENT","I-COMMENT","I-COMMENT","I-COMMENT","I-COMMENT","I-COMMENT","I-COMMENT","I-COMMENT","I-COMMENT"
"B-QTY","B-UNIT","OTHER","B-QTY","B-UNIT","OTHER","B-NAME","I-NAME","OTHER","B-COMMENT","I-COMMENT","I-COMMENT","I-COMMENT","I-COMMENT","I-COMMENT","OTHER","I-COMMENT","I-COMMENT","I-COMMENT","I-COMMENT","I-COMMENT","I-COMMENT","I-COMMENT","OTHER","I-COMMENT","I-COMMENT","I-COMMENT","I-COMMENT"


"Roasted","Green","Beans"
"B-NAME","I-NAME","I-NAME"
"OTHER","OTHER","OTHER"


"1","lb","turkey","pastrami","(","or"
"B-QTY","B-UNIT","B-NAME","I-NAME","OTHER","B-COMMENT"
"B-QTY","B-UNIT","B-NAME","I-NAME","OTHER","OTHER"


"2","ounces","diced","Spanish","chorizo"
"B-QTY","B-UNIT","B-NAME","I-NAME","I-NAME"
"B-QTY","B-UNIT","B-COMMENT","B-NAME","I-NAME"


"1","Tbsp","avocado","or","olive","oil"
"B-QTY","B-UNIT","B-COMMENT","I-COMMENT","B-NAME","I-NAME"
"B-QTY","B-UNIT","B-NAME","B-COMMENT","I-COMMENT","I-NAME"


"4","thin","chicken","cutlets",",","about","3","oz","each"
"B-QTY","B-UNIT","B-NAME","I-NAME","OTHER","I-UNIT","I-COMMENT","I-COMMENT","I-COMMENT"
"B-QTY","B-UNIT","B-NAME","I-NAME","OTHER","B-COMMENT","I-COMMENT","I-COMMENT","I-COMMENT"


"Chopped","parsley","and","chopped","chives","(","for","serving",")"
"B-COMMENT","B-NAME","OTHER","B-COMMENT","B-NAME","I-COMMENT","I-COMMENT","I-COMMENT","I-COMMENT"
"B-COMMENT","B-NAME","OTHER","I-COMMENT","B-NAME","I-COMMENT","I-COMMENT","I-COMMENT","I-COMMENT"


"4","cups","steamed","white","rice"
"B-QTY","B-UNIT","B-COMMENT","B-NAME","I-NAME"
"B-QTY","B-UNIT","I-UNIT","B-NAME","I-NAME"


"2","whole","UNK","chicken","breasts","or","boneless","skin","-","on","chicken","breasts","(","6","to","8","ounces","each",")"
"B-QTY","B-NAME","I-NAME","I-NAME","I-NAME","B-COMMENT","I-COMMENT","I-COMMENT","I-COMMENT","I-COMMENT","I-COMMENT","I-COMMENT","I-COMMENT","I-COMMENT","I-COMMENT","I-COMMENT","I-COMMENT","I-COMMENT","I-COMMENT"
"B-QTY","B-UNIT","B-NAME","I-NAME","I-NAME","B-COMMENT","I-COMMENT","I-COMMENT","I-COMMENT","I-COMMENT","I-COMMENT","I-COMMENT","I-COMMENT","I-COMMENT","I-COMMENT","I-COMMENT","I-COMMENT","I-COMMENT","I-COMMENT"


"1","tablespoon","lemon","zest",",","plus","1","tablespoon","juice","(","from","1","lemon",")"
"B-QTY","B-UNIT","B-NAME","I-NAME","OTHER","OTHER","B-QTY","B-UNIT","B-NAME","B-COMMENT","I-COMMENT","I-COMMENT","I-COMMENT","I-COMMENT"
"B-QTY","B-UNIT","B-NAME","I-NAME","OTHER","B-COMMENT","I-COMMENT","I-COMMENT","I-COMMENT","OTHER","I-COMMENT","B-QTY","B-NAME","I-COMMENT"


"additional","seasonings","optional","(","I","added","a","pinch","of","this","Go","-","To","seasoning","from","UNK","s","UNK","Cooking",")"
"B-COMMENT","I-COMMENT","I-COMMENT","OTHER","I-COMMENT","OTHER","OTHER","B-UNIT","OTHER","OTHER","OTHER","OTHER","I-NAME","I-NAME","OTHER","I-COMMENT","I-COMMENT","I-COMMENT","OTHER","OTHER"
"OTHER","OTHER","OTHER","OTHER","OTHER","OTHER","OTHER","OTHER","OTHER","OTHER","OTHER","OTHER","OTHER","OTHER","OTHER","OTHER","OTHER","OTHER","OTHER","OTHER"


"4","thin","chicken","cutlets",",","about","3","oz","each"
"B-QTY","B-UNIT","B-NAME","I-NAME","OTHER","I-UNIT","I-COMMENT","I-COMMENT","I-COMMENT"
"B-QTY","B-UNIT","B-NAME","I-NAME","OTHER","B-COMMENT","I-COMMENT","I-COMMENT","I-COMMENT"


"1","ounce","grated","Monterey","Jack",",","Cheddar","or","mixed","cheeses","1","/","4","cup"
"B-QTY","B-UNIT","B-NAME","I-NAME","I-NAME","I-NAME","I-NAME","I-COMMENT","I-COMMENT","I-NAME","I-COMMENT","I-COMMENT","I-COMMENT","I-COMMENT"
"B-QTY","B-UNIT","B-NAME","I-NAME","I-NAME","OTHER","B-COMMENT","I-COMMENT","I-COMMENT","I-NAME","I-COMMENT","I-COMMENT","I-COMMENT","I-COMMENT"


"2","cups","thinly","sliced","unpeeled","Braeburn","or","Gala","apple"
"B-QTY","B-UNIT","B-COMMENT","I-COMMENT","I-COMMENT","I-COMMENT","I-COMMENT","B-NAME","I-NAME"
"B-QTY","B-UNIT","B-COMMENT","I-COMMENT","I-COMMENT","I-COMMENT","I-COMMENT","I-COMMENT","B-NAME"


"1","large","egg","white"
"B-QTY","B-UNIT","B-NAME","I-NAME"
"B-QTY","I-UNIT","B-NAME","I-NAME"


"8","kaiser","rolls"
"B-QTY","B-NAME","I-NAME"
"B-QTY","B-NAME","B-UNIT"


"Romaine","lettuce","leaves",",","for","serving"
"B-NAME","I-NAME","I-NAME","OTHER","B-COMMENT","I-COMMENT"
"B-NAME","I-NAME","B-UNIT","OTHER","B-COMMENT","I-COMMENT"


"optional","UNK","sliced","snap","peas",",","blanched","asparagus","tips",",","sliced","cherry","tomatoes",",","hard","boiled","quail","egg","(","sliced","in","half",")",",","capers",",","sprouts",",","edible","flowers"
"B-COMMENT","I-COMMENT","I-COMMENT","B-NAME","I-NAME","OTHER","B-NAME","I-NAME","I-NAME","OTHER","I-COMMENT","B-NAME","I-NAME","OTHER","I-COMMENT","I-COMMENT","B-NAME","I-NAME","OTHER","I-COMMENT","I-COMMENT","I-COMMENT","I-COMMENT","OTHER","B-NAME","OTHER","B-NAME","OTHER","B-NAME","I-NAME"
"B-COMMENT","I-COMMENT","B-COMMENT","B-NAME","I-NAME","OTHER","B-COMMENT","B-NAME","I-NAME","OTHER","B-COMMENT","B-NAME","I-NAME","OTHER","B-COMMENT","I-COMMENT","B-NAME","I-NAME","I-COMMENT","I-COMMENT","I-COMMENT","I-COMMENT","I-COMMENT","OTHER","B-NAME","OTHER","B-NAME","OTHER","B-NAME","I-NAME"


"1","/","2","cup","raw","sliced","almonds"
"B-QTY","I-QTY","I-QTY","B-UNIT","B-NAME","I-COMMENT","B-NAME"
"B-QTY","I-QTY","I-QTY","B-UNIT","B-NAME","I-NAME","B-NAME"


"Lime","wedges",",","for","serving"
"B-NAME","I-NAME","OTHER","B-COMMENT","I-COMMENT"
"B-NAME","B-UNIT","OTHER","B-COMMENT","I-COMMENT"


"fresh","-","ground","black","pepper","to","taste"
"OTHER","OTHER","I-NAME","I-NAME","I-NAME","B-COMMENT","I-COMMENT"
"OTHER","OTHER","B-NAME","I-NAME","I-NAME","B-COMMENT","I-COMMENT"


"1","cup","steel","cut","oats","(","(","UNK","instant","steel","cut","oats",")",")"
"B-QTY","B-UNIT","B-NAME","I-NAME","I-NAME","OTHER","I-COMMENT","I-COMMENT","I-COMMENT","I-COMMENT","I-COMMENT","I-COMMENT","OTHER","OTHER"
"B-QTY","B-UNIT","B-NAME","I-NAME","I-NAME","OTHER","OTHER","B-COMMENT","I-COMMENT","I-COMMENT","I-COMMENT","I-COMMENT","OTHER","OTHER"


"Lime","wedges",",","for","serving"
"B-NAME","I-NAME","OTHER","B-COMMENT","I-COMMENT"
"B-NAME","B-UNIT","OTHER","B-COMMENT","I-COMMENT"


"2","cups","shredded","part","skim","mozzarella","(","8","oz",")","(","I","recommend","Polly","-","O",")"
"B-QTY","B-UNIT","B-NAME","I-NAME","I-NAME","I-NAME","OTHER","B-COMMENT","I-COMMENT","OTHER","I-COMMENT","I-COMMENT","I-COMMENT","I-COMMENT","I-COMMENT","I-COMMENT","I-COMMENT"
"B-QTY","B-UNIT","B-NAME","I-NAME","I-NAME","I-NAME","OTHER","I-COMMENT","I-COMMENT","OTHER","I-COMMENT","I-COMMENT","I-COMMENT","I-COMMENT","I-COMMENT","I-COMMENT","I-COMMENT"


"fresh","-","ground","black","pepper","to","taste"
"OTHER","OTHER","I-NAME","I-NAME","I-NAME","B-COMMENT","I-COMMENT"
"OTHER","OTHER","B-NAME","I-NAME","I-NAME","B-COMMENT","I-COMMENT"


"4","cups","steamed","white","rice"
"B-QTY","B-UNIT","B-COMMENT","B-NAME","I-NAME"
"B-QTY","B-UNIT","I-UNIT","B-NAME","I-NAME"


"1","/","2","cup","shredded","UNK","or","UNK","jack","cheese"
"B-QTY","I-QTY","I-QTY","B-UNIT","B-COMMENT","B-NAME","I-COMMENT","I-COMMENT","I-COMMENT","I-NAME"
"B-QTY","I-QTY","I-QTY","B-UNIT","B-NAME","I-NAME","B-COMMENT","I-COMMENT","I-COMMENT","I-NAME"


"1","tablespoon","gochugaru","Korean","chili","flakes","or","chili","paste"
"B-QTY","B-UNIT","B-NAME","I-NAME","I-NAME","I-NAME","I-COMMENT","I-COMMENT","I-COMMENT"
"B-QTY","B-UNIT","B-NAME","I-NAME","I-NAME","I-NAME","B-COMMENT","I-COMMENT","I-COMMENT"


"1","/","2","lb",".","shaved","Brussels","sprouts"
"B-QTY","I-QTY","I-QTY","B-UNIT","OTHER","B-NAME","I-NAME","I-NAME"
"B-QTY","I-QTY","I-QTY","B-UNIT","OTHER","B-COMMENT","B-NAME","I-NAME"


"5","Eggs",",","beaten"
"B-QTY","B-NAME","OTHER","B-COMMENT"
"B-QTY","B-NAME","OTHER","I-COMMENT"


"8","whole","wheat","tortillas","(","(","8","-","to","-","10","inch",")",")"
"B-QTY","B-NAME","I-NAME","I-NAME","OTHER","OTHER","B-COMMENT","I-COMMENT","I-COMMENT","I-COMMENT","I-COMMENT","I-COMMENT","OTHER","OTHER"
"B-QTY","B-NAME","I-NAME","I-NAME","OTHER","OTHER","B-UNIT","I-UNIT","I-UNIT","I-UNIT","I-UNIT","I-UNIT","OTHER","OTHER"


"1","(","32","ounce",")","jar","prepared","marinara","sauce"
"B-QTY","OTHER","B-UNIT","I-UNIT","OTHER","I-UNIT","B-NAME","I-NAME","I-NAME"
"B-QTY","OTHER","B-UNIT","I-UNIT","OTHER","I-UNIT","OTHER","B-NAME","I-NAME"


"1","Tbsp","honey"
"B-QTY","B-UNIT","B-NAME"
"B-QTY","B-UNIT","I-NAME"


"1","/","2","cup","slivered","scallions",",","both","white","and","green","parts"
"B-QTY","I-QTY","I-QTY","B-UNIT","B-NAME","I-NAME","OTHER","B-COMMENT","I-COMMENT","I-COMMENT","I-COMMENT","I-COMMENT"
"B-QTY","I-QTY","I-QTY","B-UNIT","B-COMMENT","B-NAME","I-COMMENT","I-COMMENT","I-COMMENT","I-COMMENT","I-COMMENT","I-COMMENT"


"1","lb","turkey","pastrami","(","or"
"B-QTY","B-UNIT","B-NAME","I-NAME","OTHER","B-COMMENT"
"B-QTY","B-UNIT","B-NAME","I-NAME","OTHER","OTHER"


"3","tablespoons","oil","(","(","divided",")",")"
"B-QTY","B-UNIT","B-NAME","OTHER","OTHER","I-COMMENT","I-COMMENT","OTHER"
"B-QTY","B-UNIT","B-NAME","OTHER","OTHER","B-COMMENT","OTHER","OTHER"


"8","ounces","wide","egg","noodles"
"B-QTY","B-UNIT","B-COMMENT","I-NAME","I-NAME"
"B-QTY","B-UNIT","B-NAME","I-NAME","I-NAME"


"2","cups","thinly","sliced","unpeeled","Braeburn","or","Gala","apple"
"B-QTY","B-UNIT","B-COMMENT","I-COMMENT","I-COMMENT","I-COMMENT","I-COMMENT","B-NAME","I-NAME"
"B-QTY","B-UNIT","B-COMMENT","I-COMMENT","I-COMMENT","I-COMMENT","I-COMMENT","I-COMMENT","B-NAME"


"Lime","wedges",",","for","serving"
"B-NAME","I-NAME","OTHER","B-COMMENT","I-COMMENT"
"B-NAME","B-UNIT","OTHER","B-COMMENT","I-COMMENT"


