"1","large","egg","white"
"1","large","egg","white"
"B-QTY","B-UNIT","B-NAME","I-NAME"
"B-QTY","I-UNIT","B-NAME","I-NAME"


"1","cup","fresh","corn","kernels","(","about","2","ears",")"
"1","cup","fresh","corn","kernels","(","about","2","ears",")"
"B-QTY","B-UNIT","B-NAME","I-NAME","I-NAME","OTHER","B-COMMENT","I-COMMENT","I-COMMENT","OTHER"
"B-QTY","B-UNIT","B-NAME","I-NAME","I-UNIT","OTHER","B-COMMENT","I-COMMENT","I-COMMENT","OTHER"


"2","free","-","range","egg","whites","(","lightly","beaten",")"
"2","free","-","range","egg","whites","(","lightly","beaten",")"
"B-QTY","B-NAME","I-NAME","I-NAME","B-NAME","I-NAME","OTHER","B-COMMENT","I-COMMENT","OTHER"
"B-QTY","B-NAME","I-NAME","I-NAME","I-NAME","I-NAME","OTHER","B-COMMENT","I-COMMENT","OTHER"


"1","pinch","salt","and","ground","black","pepper","to","taste"
"1","pinch","salt","and","ground","black","pepper","to","taste"
"B-QTY","B-UNIT","B-NAME","OTHER","B-NAME","I-NAME","I-NAME","B-COMMENT","I-COMMENT"
"B-QTY","B-UNIT","B-NAME","OTHER","OTHER","B-NAME","I-NAME","B-COMMENT","I-COMMENT"


"additional","seasonings","optional","(","I","added","a","pinch","of","this","Go","-","To","seasoning","from","What","s","Gaby","Cooking",")"
"additional","seasonings","optional","(","I","added","a","pinch","of","this","Go","-","To","seasoning","from","What","s","Gaby","Cooking",")"
"B-COMMENT","I-COMMENT","I-COMMENT","I-COMMENT","I-COMMENT","I-COMMENT","OTHER","B-UNIT","I-COMMENT","I-COMMENT","I-COMMENT","I-COMMENT","I-COMMENT","I-COMMENT","I-COMMENT","I-COMMENT","I-COMMENT","I-COMMENT","OTHER","OTHER"
"OTHER","OTHER","OTHER","OTHER","OTHER","OTHER","OTHER","OTHER","OTHER","OTHER","OTHER","OTHER","OTHER","OTHER","OTHER","OTHER","OTHER","OTHER","OTHER","OTHER"


"Roasted","Green","Beans"
"Roasted","Green","Beans"
"OTHER","B-NAME","I-NAME"
"OTHER","OTHER","OTHER"


"1","cup","fresh","corn","kernels","(","about","2","ears",")"
"1","cup","fresh","corn","kernels","(","about","2","ears",")"
"B-QTY","B-UNIT","B-NAME","I-NAME","I-NAME","OTHER","B-COMMENT","I-COMMENT","I-COMMENT","OTHER"
"B-QTY","B-UNIT","B-NAME","I-NAME","I-UNIT","OTHER","B-COMMENT","I-COMMENT","I-COMMENT","OTHER"


"6","slices","GO","Veggie","Lactose","Soy","Free","Mozzarella","Slices",",","cut","into","1","/","2","inch","strips"
"6","slices","GO","Veggie","Lactose","Soy","Free","Mozzarella","Slices",",","cut","into","1","/","2","inch","strips"
"B-QTY","B-UNIT","B-COMMENT","I-COMMENT","I-COMMENT","I-NAME","I-NAME","I-NAME","I-NAME","OTHER","I-COMMENT","I-COMMENT","I-COMMENT","I-COMMENT","I-COMMENT","I-COMMENT","I-COMMENT"
"B-QTY","B-UNIT","B-NAME","I-NAME","I-NAME","I-NAME","I-NAME","I-NAME","I-NAME","OTHER","B-COMMENT","I-COMMENT","I-COMMENT","I-COMMENT","I-COMMENT","I-COMMENT","I-COMMENT"


"1",".","5","litres","/","6","cups","/","1",".","5","quarts","good","quality","beef","broth",".","/","stock","OR","chicken","(",",","low","sodium","/","salt","reduced","(","Note","3",")",")"
"1",".","5","litres","/","6","cups","/","1",".","5","quarts","good","quality","beef","broth",".","/","stock","OR","chicken","(",",","low","sodium","/","salt","reduced","(","Note","3",")",")"
"B-QTY","I-QTY","I-QTY","B-UNIT","OTHER","B-QTY","B-UNIT","OTHER","B-QTY","I-QTY","I-QTY","B-UNIT","B-COMMENT","I-COMMENT","B-NAME","I-NAME","OTHER","OTHER","B-COMMENT","I-COMMENT","I-COMMENT","OTHER","I-COMMENT","I-COMMENT","I-COMMENT","I-COMMENT","I-COMMENT","I-COMMENT","OTHER","OTHER","OTHER","OTHER","OTHER"
"B-QTY","I-QTY","I-QTY","B-UNIT","OTHER","B-QTY","B-UNIT","OTHER","B-QTY","I-QTY","I-QTY","B-UNIT","OTHER","OTHER","B-NAME","I-NAME","OTHER","OTHER","B-COMMENT","I-COMMENT","I-COMMENT","I-COMMENT","OTHER","I-COMMENT","I-COMMENT","I-COMMENT","I-COMMENT","I-COMMENT","OTHER","OTHER","OTHER","OTHER","I-COMMENT"


"1","/","2","lb","thin","sliced","beef","round","or","sirloin","steaks"
"1","/","2","lb","thin","sliced","beef","round","or","sirloin","steaks"
"B-QTY","I-QTY","I-QTY","B-UNIT","B-NAME","I-COMMENT","I-NAME","I-NAME","I-COMMENT","I-COMMENT","I-COMMENT"
"B-QTY","I-QTY","I-QTY","B-UNIT","B-NAME","I-NAME","I-NAME","I-NAME","B-COMMENT","I-COMMENT","I-COMMENT"


"1","1","/","2","teaspoons","(","6","g",")","store","-","bought","or","homemade","garam","masala",",","divided"
"1","1","/","2","teaspoons","(","6","g",")","store","-","bought","or","homemade","garam","masala",",","divided"
"B-QTY","I-QTY","I-QTY","I-QTY","B-UNIT","OTHER","B-COMMENT","I-COMMENT","OTHER","I-COMMENT","I-COMMENT","I-COMMENT","I-COMMENT","I-COMMENT","B-NAME","I-NAME","I-COMMENT","I-COMMENT"
"B-QTY","I-QTY","I-QTY","I-QTY","B-UNIT","OTHER","B-QTY","B-UNIT","OTHER","B-COMMENT","I-COMMENT","I-COMMENT","I-COMMENT","I-COMMENT","B-NAME","I-NAME","I-COMMENT","I-COMMENT"


"Romaine","lettuce","leaves",",","for","serving"
"Romaine","lettuce","leaves",",","for","serving"
"B-NAME","I-NAME","I-NAME","OTHER","B-COMMENT","I-COMMENT"
"B-NAME","I-NAME","B-UNIT","OTHER","B-COMMENT","I-COMMENT"


"1","heaping","tablespoon","spices","(","chili","powder",",","paprika",",","and","/","or","cumin","will","work",")"
"1","heaping","tablespoon","spices","(","chili","powder",",","paprika",",","and","/","or","cumin","will","work",")"
"B-QTY","OTHER","B-UNIT","B-NAME","OTHER","B-COMMENT","I-COMMENT","I-COMMENT","I-COMMENT","I-COMMENT","I-COMMENT","I-COMMENT","I-COMMENT","I-COMMENT","I-COMMENT","I-COMMENT","OTHER"
"B-QTY","OTHER","B-UNIT","OTHER","OTHER","B-NAME","I-NAME","OTHER","B-COMMENT","I-COMMENT","I-COMMENT","I-COMMENT","I-COMMENT","I-COMMENT","I-COMMENT","I-COMMENT","OTHER"


"8","ounce","cooked","boneless",",","skinless","turkey","breast","or","rotisserie","chicken",",","shredded","(","about","2","cups",")"
"8","ounce","cooked","boneless",",","skinless","turkey","breast","or","rotisserie","chicken",",","shredded","(","about","2","cups",")"
"B-QTY","B-UNIT","B-NAME","B-NAME","I-NAME","I-NAME","I-NAME","I-NAME","B-COMMENT","I-COMMENT","I-COMMENT","I-COMMENT","I-COMMENT","I-COMMENT","I-COMMENT","I-COMMENT","I-COMMENT","I-COMMENT"
"B-QTY","B-UNIT","B-NAME","I-NAME","I-NAME","I-NAME","I-NAME","I-NAME","I-COMMENT","I-COMMENT","I-COMMENT","I-COMMENT","I-COMMENT","I-COMMENT","I-COMMENT","I-COMMENT","I-COMMENT","I-COMMENT"


"Sliced","avocado",",","onion",",","tomato",",","and","or","lettuce","(","(","optional","/","/","for","serving",")",")"
"Sliced","avocado",",","onion",",","tomato",",","and","or","lettuce","(","(","optional","/","/","for","serving",")",")"
"B-COMMENT","B-NAME","OTHER","B-NAME","OTHER","B-NAME","OTHER","OTHER","I-COMMENT","B-NAME","OTHER","I-COMMENT","I-COMMENT","I-COMMENT","OTHER","I-COMMENT","I-COMMENT","I-COMMENT","OTHER"
"B-COMMENT","B-NAME","OTHER","B-NAME","OTHER","B-NAME","OTHER","OTHER","OTHER","B-NAME","OTHER","OTHER","I-COMMENT","OTHER","OTHER","I-COMMENT","I-COMMENT","OTHER","OTHER"


"3","/","4","cup","low","-","fat","or","whole","-","milk","Greek","yogurt"
"3","/","4","cup","low","-","fat","or","whole","-","milk","Greek","yogurt"
"B-QTY","I-QTY","I-QTY","B-UNIT","B-NAME","I-NAME","I-NAME","B-COMMENT","I-COMMENT","I-COMMENT","I-COMMENT","I-COMMENT","I-NAME"
"B-QTY","I-QTY","I-QTY","B-UNIT","B-NAME","I-NAME","I-NAME","B-COMMENT","I-COMMENT","I-COMMENT","I-COMMENT","I-NAME","I-NAME"


"1","/","2","pound","cooked","chicken",",","shredded","(","about","1","1","/","3","cups",")"
"1","/","2","pound","cooked","chicken",",","shredded","(","about","1","1","/","3","cups",")"
"B-QTY","I-QTY","I-QTY","B-UNIT","B-NAME","I-NAME","OTHER","B-COMMENT","I-COMMENT","I-COMMENT","I-COMMENT","I-COMMENT","I-COMMENT","I-COMMENT","I-COMMENT","I-COMMENT"
"B-QTY","I-QTY","I-QTY","B-UNIT","B-COMMENT","B-NAME","I-COMMENT","I-COMMENT","I-COMMENT","I-COMMENT","I-COMMENT","I-COMMENT","I-COMMENT","I-COMMENT","I-COMMENT","I-COMMENT"


"2","cups","low","sodium",",","99","%","fat","free","chicken","broth"
"2","cups","low","sodium",",","99","%","fat","free","chicken","broth"
"B-QTY","B-UNIT","B-NAME","I-NAME","OTHER","B-COMMENT","I-COMMENT","I-NAME","I-NAME","I-NAME","I-NAME"
"B-QTY","B-UNIT","B-NAME","I-NAME","I-NAME","I-NAME","I-NAME","I-NAME","I-NAME","I-NAME","I-NAME"


"300","g","/","4","cups","(","packed","cauliflower","small","florets","(","1","small","/","1","/","2","large","cauliflower",")",")"
"300","g","/","4","cups","(","packed","cauliflower","small","florets","(","1","small","/","1","/","2","large","cauliflower",")",")"
"B-QTY","B-UNIT","OTHER","B-QTY","B-UNIT","OTHER","B-COMMENT","B-NAME","I-COMMENT","I-COMMENT","I-COMMENT","I-COMMENT","I-COMMENT","I-COMMENT","I-COMMENT","I-COMMENT","I-COMMENT","I-COMMENT","I-COMMENT","I-COMMENT","OTHER"
"B-QTY","B-UNIT","OTHER","B-QTY","B-UNIT","OTHER","I-UNIT","B-NAME","I-NAME","I-NAME","OTHER","B-COMMENT","I-COMMENT","I-COMMENT","I-COMMENT","I-COMMENT","I-COMMENT","I-COMMENT","I-COMMENT","OTHER","OTHER"


"2","leaves","bay"
"2","leaves","bay"
"B-QTY","B-UNIT","B-NAME"
"B-QTY","I-NAME","B-NAME"


"1","Yellow","onion","(","Thinly","sliced",")"
"1","Yellow","onion","(","Thinly","sliced",")"
"B-QTY","B-NAME","I-NAME","OTHER","B-COMMENT","I-COMMENT","OTHER"
"B-QTY","B-UNIT","B-NAME","OTHER","B-COMMENT","I-COMMENT","OTHER"


"1","/","2","cup","slivered","scallions",",","both","white","and","green","parts"
"1","/","2","cup","slivered","scallions",",","both","white","and","green","parts"
"B-QTY","I-QTY","I-QTY","B-UNIT","B-NAME","I-NAME","I-COMMENT","I-COMMENT","I-COMMENT","I-COMMENT","I-COMMENT","I-COMMENT"
"B-QTY","I-QTY","I-QTY","B-UNIT","B-COMMENT","B-NAME","I-COMMENT","I-COMMENT","I-COMMENT","I-COMMENT","I-COMMENT","I-COMMENT"


"Good","quality","mayo","(","or","vegan","mayo",")"
"Good","quality","mayo","(","or","vegan","mayo",")"
"B-COMMENT","I-COMMENT","B-NAME","I-COMMENT","I-COMMENT","I-COMMENT","I-COMMENT","OTHER"
"B-COMMENT","I-COMMENT","B-NAME","I-COMMENT","I-COMMENT","I-COMMENT","I-COMMENT","I-COMMENT"


"1","/","2","lb","thin","sliced","beef","round","or","sirloin","steaks"
"1","/","2","lb","thin","sliced","beef","round","or","sirloin","steaks"
"B-QTY","I-QTY","I-QTY","B-UNIT","B-NAME","I-COMMENT","I-NAME","I-NAME","I-COMMENT","I-COMMENT","I-COMMENT"
"B-QTY","I-QTY","I-QTY","B-UNIT","B-NAME","I-NAME","I-NAME","I-NAME","B-COMMENT","I-COMMENT","I-COMMENT"


"1","whole","green","onion",",","chopped"
"1","whole","green","onion",",","chopped"
"B-QTY","B-NAME","I-NAME","I-NAME","OTHER","B-COMMENT"
"B-QTY","B-UNIT","B-NAME","I-NAME","OTHER","B-COMMENT"


"4","tilapia","or","catfish","fillets","(","6","oz","each",")"
"4","tilapia","or","catfish","fillets","(","6","oz","each",")"
"B-QTY","B-NAME","B-COMMENT","I-COMMENT","B-UNIT","I-COMMENT","I-COMMENT","I-COMMENT","I-COMMENT","I-COMMENT"
"B-QTY","B-NAME","B-COMMENT","I-COMMENT","B-UNIT","OTHER","I-UNIT","I-UNIT","OTHER","OTHER"


"1","ounce","grated","Monterey","Jack",",","Cheddar","or","mixed","cheeses","1","/","4","cup"
"1","ounce","grated","Monterey","Jack",",","Cheddar","or","mixed","cheeses","1","/","4","cup"
"B-QTY","B-UNIT","B-NAME","I-NAME","I-NAME","OTHER","B-COMMENT","I-COMMENT","I-COMMENT","I-COMMENT","I-COMMENT","I-COMMENT","I-COMMENT","I-COMMENT"
"B-QTY","B-UNIT","B-NAME","I-NAME","I-NAME","OTHER","B-COMMENT","I-COMMENT","I-COMMENT","I-NAME","I-COMMENT","I-COMMENT","I-COMMENT","I-COMMENT"


"2","leaves","bay"
"2","leaves","bay"
"B-QTY","B-UNIT","B-NAME"
"B-QTY","I-NAME","B-NAME"


"2","leaves","bay"
"2","leaves","bay"
"B-QTY","B-UNIT","B-NAME"
"B-QTY","I-NAME","B-NAME"


"Lime","wedges",",","for","serving"
"Lime","wedges",",","for","serving"
"B-NAME","I-NAME","OTHER","B-COMMENT","I-COMMENT"
"B-NAME","B-UNIT","OTHER","B-COMMENT","I-COMMENT"


"4","tilapia","or","catfish","fillets","(","6","oz","each",")"
"4","tilapia","or","catfish","fillets","(","6","oz","each",")"
"B-QTY","B-NAME","B-COMMENT","I-COMMENT","B-UNIT","I-COMMENT","I-COMMENT","I-COMMENT","I-COMMENT","I-COMMENT"
"B-QTY","B-NAME","B-COMMENT","I-COMMENT","B-UNIT","OTHER","I-UNIT","I-UNIT","OTHER","OTHER"


"Roasted","Green","Beans"
"Roasted","Green","Beans"
"OTHER","B-NAME","I-NAME"
"OTHER","OTHER","OTHER"


"1","Yellow","onion","(","Thinly","sliced",")"
"1","Yellow","onion","(","Thinly","sliced",")"
"B-QTY","B-NAME","I-NAME","OTHER","B-COMMENT","I-COMMENT","OTHER"
"B-QTY","B-UNIT","B-NAME","OTHER","B-COMMENT","I-COMMENT","OTHER"


"2","thick",",","wild","salmon","fillets","(","6","to","8","ounces","each",")"
"2","thick",",","wild","salmon","fillets","(","6","to","8","ounces","each",")"
"B-QTY","B-NAME","I-NAME","I-NAME","I-NAME","I-UNIT","OTHER","B-COMMENT","I-COMMENT","I-COMMENT","I-COMMENT","I-COMMENT","OTHER"
"B-QTY","B-UNIT","OTHER","B-NAME","I-NAME","I-UNIT","OTHER","I-UNIT","I-UNIT","I-UNIT","I-UNIT","OTHER","OTHER"


"1","/","2","pound","cooked","chicken",",","shredded","(","about","1","1","/","3","cups",")"
"1","/","2","pound","cooked","chicken",",","shredded","(","about","1","1","/","3","cups",")"
"B-QTY","I-QTY","I-QTY","B-UNIT","B-NAME","I-NAME","OTHER","B-COMMENT","I-COMMENT","I-COMMENT","I-COMMENT","I-COMMENT","I-COMMENT","I-COMMENT","I-COMMENT","I-COMMENT"
"B-QTY","I-QTY","I-QTY","B-UNIT","B-COMMENT","B-NAME","I-COMMENT","I-COMMENT","I-COMMENT","I-COMMENT","I-COMMENT","I-COMMENT","I-COMMENT","I-COMMENT","I-COMMENT","I-COMMENT"


"1","/","2","pound","cooked","chicken",",","shredded","(","about","1","1","/","3","cups",")"
"1","/","2","pound","cooked","chicken",",","shredded","(","about","1","1","/","3","cups",")"
"B-QTY","I-QTY","I-QTY","B-UNIT","B-NAME","I-NAME","OTHER","B-COMMENT","I-COMMENT","I-COMMENT","I-COMMENT","I-COMMENT","I-COMMENT","I-COMMENT","I-COMMENT","I-COMMENT"
"B-QTY","I-QTY","I-QTY","B-UNIT","B-COMMENT","B-NAME","I-COMMENT","I-COMMENT","I-COMMENT","I-COMMENT","I-COMMENT","I-COMMENT","I-COMMENT","I-COMMENT","I-COMMENT","I-COMMENT"


"juice","and","zest","of","1","/","2","lemon"
"juice","and","zest","of","1","/","2","lemon"
"I-NAME","OTHER","B-NAME","OTHER","B-QTY","I-QTY","I-QTY","B-NAME"
"I-NAME","OTHER","I-NAME","OTHER","B-QTY","I-QTY","I-QTY","B-NAME"


"1","1","/","2","teaspoons","(","6","g",")","store","-","bought","or","homemade","garam","masala",",","divided"
"1","1","/","2","teaspoons","(","6","g",")","store","-","bought","or","homemade","garam","masala",",","divided"
"B-QTY","I-QTY","I-QTY","I-QTY","B-UNIT","OTHER","B-COMMENT","I-COMMENT","OTHER","I-COMMENT","I-COMMENT","I-COMMENT","I-COMMENT","I-COMMENT","B-NAME","I-NAME","I-COMMENT","I-COMMENT"
"B-QTY","I-QTY","I-QTY","I-QTY","B-UNIT","OTHER","B-QTY","B-UNIT","OTHER","B-COMMENT","I-COMMENT","I-COMMENT","I-COMMENT","I-COMMENT","B-NAME","I-NAME","I-COMMENT","I-COMMENT"


"1","Tbsp","honey"
"1","Tbsp","honey"
"B-QTY","B-UNIT","B-NAME"
"B-QTY","B-UNIT","I-NAME"


"2","leaves","bay"
"2","leaves","bay"
"B-QTY","B-UNIT","B-NAME"
"B-QTY","I-NAME","B-NAME"


"Cooked","white","rice",",","Little","Gem","lettuce","leaves",",","sliced","cucumber","or","julienned","carrot",",","lime","wedges",",","mint","or","basil","sprigs",",","and","toasted","sesame","seeds","(","for","serving",")"
"Cooked","white","rice",",","Little","Gem","lettuce","leaves",",","sliced","cucumber","or","julienned","carrot",",","lime","wedges",",","mint","or","basil","sprigs",",","and","toasted","sesame","seeds","(","for","serving",")"
"B-COMMENT","B-NAME","I-NAME","I-COMMENT","I-COMMENT","I-COMMENT","I-NAME","I-NAME","I-COMMENT","I-COMMENT","I-COMMENT","I-COMMENT","I-COMMENT","I-COMMENT","OTHER","B-NAME","I-COMMENT","OTHER","B-NAME","I-COMMENT","B-NAME","I-NAME","OTHER","OTHER","B-NAME","I-NAME","I-NAME","OTHER","I-COMMENT","I-COMMENT","OTHER"
"B-COMMENT","B-NAME","I-NAME","OTHER","B-NAME","I-NAME","I-NAME","B-UNIT","OTHER","B-COMMENT","B-NAME","I-COMMENT","I-COMMENT","I-COMMENT","OTHER","B-NAME","B-UNIT","OTHER","B-NAME","B-COMMENT","I-COMMENT","B-UNIT","OTHER","OTHER","B-NAME","I-NAME","I-NAME","OTHER","B-COMMENT","I-COMMENT","OTHER"


"1","/","2","lb",".","shaved","Brussels","sprouts"
"1","/","2","lb",".","shaved","Brussels","sprouts"
"B-QTY","I-QTY","I-QTY","B-UNIT","OTHER","B-NAME","I-NAME","I-NAME"
"B-QTY","I-QTY","I-QTY","B-UNIT","OTHER","B-COMMENT","B-NAME","I-NAME"


"1","lb","turkey","pastrami","(","or"
"1","lb","turkey","pastrami","(","or"
"B-QTY","B-UNIT","B-NAME","I-NAME","OTHER","B-COMMENT"
"B-QTY","B-UNIT","B-NAME","I-NAME","OTHER","OTHER"


"1","1","/","2","cups","green","/","brown","lentils"
"1","1","/","2","cups","green","/","brown","lentils"
"B-QTY","I-QTY","I-QTY","I-QTY","B-UNIT","B-NAME","OTHER","I-NAME","I-NAME"
"B-QTY","I-QTY","I-QTY","I-QTY","B-UNIT","B-COMMENT","I-COMMENT","B-NAME","I-NAME"


"BBQ","Chickpea","Nuts"
"BBQ","Chickpea","Nuts"
"OTHER","OTHER","I-NAME"
"B-NAME","I-NAME","I-NAME"


"2","ounces","crumbled","goat","cheese","(","about","1","/","2","cup",")"
"2","ounces","crumbled","goat","cheese","(","about","1","/","2","cup",")"
"B-QTY","B-UNIT","B-NAME","I-NAME","I-NAME","OTHER","B-COMMENT","I-COMMENT","I-COMMENT","I-COMMENT","I-COMMENT","I-COMMENT"
"B-QTY","B-UNIT","B-NAME","I-NAME","I-NAME","OTHER","B-COMMENT","I-COMMENT","I-COMMENT","I-COMMENT","I-COMMENT","OTHER"


"1","1","/","2","tablespoons","pure","maple","syrup"
"1","1","/","2","tablespoons","pure","maple","syrup"
"B-QTY","I-QTY","I-QTY","I-QTY","B-UNIT","B-NAME","B-NAME","I-NAME"
"B-QTY","I-QTY","I-QTY","I-QTY","B-UNIT","B-NAME","I-NAME","I-NAME"


"12","ounces","boneless","beef","sirloin","steak",",","thinly","sliced","across","the","grain","(","see","Tip",")"
"12","ounces","boneless","beef","sirloin","steak",",","thinly","sliced","across","the","grain","(","see","Tip",")"
"B-QTY","B-UNIT","B-NAME","I-NAME","I-NAME","I-NAME","OTHER","B-COMMENT","I-COMMENT","I-COMMENT","I-COMMENT","I-COMMENT","I-COMMENT","I-COMMENT","I-COMMENT","I-COMMENT"
"B-QTY","B-UNIT","B-NAME","I-NAME","I-NAME","I-NAME","OTHER","B-COMMENT","I-COMMENT","I-COMMENT","I-COMMENT","I-COMMENT","OTHER","OTHER","OTHER","OTHER"


"1","pinch","salt","and","ground","black","pepper","to","taste"
"1","pinch","salt","and","ground","black","pepper","to","taste"
"B-QTY","B-UNIT","B-NAME","OTHER","B-NAME","I-NAME","I-NAME","B-COMMENT","I-COMMENT"
"B-QTY","B-UNIT","B-NAME","OTHER","OTHER","B-NAME","I-NAME","B-COMMENT","I-COMMENT"


"1","minced","garlic","clove"
"1","minced","garlic","clove"
"B-QTY","B-UNIT","B-NAME","I-UNIT"
"B-QTY","B-COMMENT","B-NAME","B-UNIT"


"optional","toppings","thinly","-","sliced","green","onions",",","toasted","sesame","seeds",",","extra","crushed","red","pepper","flakes"
"optional","toppings","thinly","-","sliced","green","onions",",","toasted","sesame","seeds",",","extra","crushed","red","pepper","flakes"
"OTHER","OTHER","B-COMMENT","I-COMMENT","I-COMMENT","B-NAME","I-NAME","OTHER","B-NAME","I-NAME","I-NAME","OTHER","OTHER","B-NAME","I-NAME","I-NAME","I-NAME"
"B-COMMENT","I-COMMENT","I-COMMENT","I-COMMENT","I-COMMENT","B-NAME","I-NAME","OTHER","B-NAME","I-NAME","I-NAME","OTHER","OTHER","B-NAME","I-NAME","I-NAME","I-NAME"


"2","cups","thinly","sliced","unpeeled","Braeburn","or","Gala","apple"
"2","cups","thinly","sliced","unpeeled","Braeburn","or","Gala","apple"
"B-QTY","B-UNIT","B-COMMENT","I-COMMENT","I-COMMENT","I-COMMENT","I-COMMENT","B-NAME","I-NAME"
"B-QTY","B-UNIT","B-COMMENT","I-COMMENT","I-COMMENT","I-COMMENT","I-COMMENT","I-COMMENT","B-NAME"


"juice","and","zest","of","1","/","2","lemon"
"juice","and","zest","of","1","/","2","lemon"
"I-NAME","OTHER","B-NAME","OTHER","B-QTY","I-QTY","I-QTY","B-NAME"
"I-NAME","OTHER","I-NAME","OTHER","B-QTY","I-QTY","I-QTY","B-NAME"


"1","cup","chopped","sugar","snap","peas","(","about","3","oz",".",")"
"1","cup","chopped","sugar","snap","peas","(","about","3","oz",".",")"
"B-QTY","B-UNIT","B-COMMENT","B-NAME","I-NAME","I-NAME","I-COMMENT","I-COMMENT","I-COMMENT","I-COMMENT","OTHER","I-COMMENT"
"B-QTY","B-UNIT","B-COMMENT","B-NAME","I-NAME","I-NAME","I-COMMENT","I-COMMENT","I-COMMENT","I-COMMENT","I-COMMENT","I-COMMENT"


"4","thin","chicken","cutlets",",","about","3","oz","each"
"4","thin","chicken","cutlets",",","about","3","oz","each"
"B-QTY","B-UNIT","B-NAME","I-NAME","OTHER","I-UNIT","I-UNIT","I-COMMENT","I-COMMENT"
"B-QTY","B-UNIT","B-NAME","I-NAME","OTHER","B-COMMENT","I-COMMENT","I-COMMENT","I-COMMENT"


"1","/","2","lb",".","shaved","Brussels","sprouts"
"1","/","2","lb",".","shaved","Brussels","sprouts"
"B-QTY","I-QTY","I-QTY","B-UNIT","OTHER","B-NAME","I-NAME","I-NAME"
"B-QTY","I-QTY","I-QTY","B-UNIT","OTHER","B-COMMENT","B-NAME","I-NAME"


"(","optional","1","-","2","teaspoons","sriracha",",","added","to","taste",")"
"(","optional","1","-","2","teaspoons","sriracha",",","added","to","taste",")"
"OTHER","B-COMMENT","B-QTY","OTHER","B-QTY","B-UNIT","B-NAME","I-COMMENT","I-COMMENT","I-COMMENT","I-COMMENT","I-COMMENT"
"OTHER","B-COMMENT","B-QTY","OTHER","B-QTY","B-UNIT","B-NAME","I-COMMENT","I-COMMENT","I-COMMENT","I-COMMENT","OTHER"


"1","heaping","tablespoon","spices","(","chili","powder",",","paprika",",","and","/","or","cumin","will","work",")"
"1","heaping","tablespoon","spices","(","chili","powder",",","paprika",",","and","/","or","cumin","will","work",")"
"B-QTY","OTHER","B-UNIT","B-NAME","OTHER","B-COMMENT","I-COMMENT","I-COMMENT","I-COMMENT","I-COMMENT","I-COMMENT","I-COMMENT","I-COMMENT","I-COMMENT","I-COMMENT","I-COMMENT","OTHER"
"B-QTY","OTHER","B-UNIT","OTHER","OTHER","B-NAME","I-NAME","OTHER","B-COMMENT","I-COMMENT","I-COMMENT","I-COMMENT","I-COMMENT","I-COMMENT","I-COMMENT","I-COMMENT","OTHER"


"1","pinch","salt","and","ground","black","pepper","to","taste"
"1","pinch","salt","and","ground","black","pepper","to","taste"
"B-QTY","B-UNIT","B-NAME","OTHER","B-NAME","I-NAME","I-NAME","B-COMMENT","I-COMMENT"
"B-QTY","B-UNIT","B-NAME","OTHER","OTHER","B-NAME","I-NAME","B-COMMENT","I-COMMENT"


"3","/","4","cup","low","-","fat","or","whole","-","milk","Greek","yogurt"
"3","/","4","cup","low","-","fat","or","whole","-","milk","Greek","yogurt"
"B-QTY","I-QTY","I-QTY","B-UNIT","B-NAME","I-NAME","I-NAME","B-COMMENT","I-COMMENT","I-COMMENT","I-COMMENT","I-COMMENT","I-NAME"
"B-QTY","I-QTY","I-QTY","B-UNIT","B-NAME","I-NAME","I-NAME","B-COMMENT","I-COMMENT","I-COMMENT","I-COMMENT","I-NAME","I-NAME"


"1","/","2","lb",".","shaved","Brussels","sprouts"
"1","/","2","lb",".","shaved","Brussels","sprouts"
"B-QTY","I-QTY","I-QTY","B-UNIT","OTHER","B-NAME","I-NAME","I-NAME"
"B-QTY","I-QTY","I-QTY","B-UNIT","OTHER","B-COMMENT","B-NAME","I-NAME"


"1","pinch","salt","and","ground","black","pepper","to","taste"
"1","pinch","salt","and","ground","black","pepper","to","taste"
"B-QTY","B-UNIT","B-NAME","OTHER","B-NAME","I-NAME","I-NAME","B-COMMENT","I-COMMENT"
"B-QTY","B-UNIT","B-NAME","OTHER","OTHER","B-NAME","I-NAME","B-COMMENT","I-COMMENT"


"6","slices","GO","Veggie","Lactose","Soy","Free","Mozzarella","Slices",",","cut","into","1","/","2","inch","strips"
"6","slices","GO","Veggie","Lactose","Soy","Free","Mozzarella","Slices",",","cut","into","1","/","2","inch","strips"
"B-QTY","B-UNIT","B-COMMENT","I-COMMENT","I-COMMENT","I-NAME","I-NAME","I-NAME","I-NAME","OTHER","I-COMMENT","I-COMMENT","I-COMMENT","I-COMMENT","I-COMMENT","I-COMMENT","I-COMMENT"
"B-QTY","B-UNIT","B-NAME","I-NAME","I-NAME","I-NAME","I-NAME","I-NAME","I-NAME","OTHER","B-COMMENT","I-COMMENT","I-COMMENT","I-COMMENT","I-COMMENT","I-COMMENT","I-COMMENT"


"8","ounce","cooked","boneless",",","skinless","turkey","breast","or","rotisserie","chicken",",","shredded","(","about","2","cups",")"
"8","ounce","cooked","boneless",",","skinless","turkey","breast","or","rotisserie","chicken",",","shredded","(","about","2","cups",")"
"B-QTY","B-UNIT","B-NAME","B-NAME","I-NAME","I-NAME","I-NAME","I-NAME","B-COMMENT","I-COMMENT","I-COMMENT","I-COMMENT","I-COMMENT","I-COMMENT","I-COMMENT","I-COMMENT","I-COMMENT","I-COMMENT"
"B-QTY","B-UNIT","B-NAME","I-NAME","I-NAME","I-NAME","I-NAME","I-NAME","I-COMMENT","I-COMMENT","I-COMMENT","I-COMMENT","I-COMMENT","I-COMMENT","I-COMMENT","I-COMMENT","I-COMMENT","I-COMMENT"


"1","/","2","lb",".","shaved","Brussels","sprouts"
"1","/","2","lb",".","shaved","Brussels","sprouts"
"B-QTY","I-QTY","I-QTY","B-UNIT","OTHER","B-NAME","I-NAME","I-NAME"
"B-QTY","I-QTY","I-QTY","B-UNIT","OTHER","B-COMMENT","B-NAME","I-NAME"


"14","oz",".","block","extra","firm","tofu"
"14","oz",".","block","extra","firm","tofu"
"B-QTY","B-UNIT","OTHER","I-UNIT","B-NAME","I-NAME","I-NAME"
"B-UNIT","I-UNIT","OTHER","I-UNIT","B-NAME","I-NAME","I-NAME"


"1","/","4","cup","sautéed","mushrooms"
"1","/","4","cup","sautéed","mushrooms"
"B-QTY","I-QTY","I-QTY","B-UNIT","B-NAME","I-NAME"
"B-QTY","I-QTY","I-QTY","B-UNIT","B-COMMENT","B-NAME"


"1","Yellow","onion","(","Thinly","sliced",")"
"1","Yellow","onion","(","Thinly","sliced",")"
"B-QTY","B-NAME","I-NAME","OTHER","B-COMMENT","I-COMMENT","OTHER"
"B-QTY","B-UNIT","B-NAME","OTHER","B-COMMENT","I-COMMENT","OTHER"


"juice","and","zest","of","1","/","2","lemon"
"juice","and","zest","of","1","/","2","lemon"
"I-NAME","OTHER","B-NAME","OTHER","B-QTY","I-QTY","I-QTY","B-NAME"
"I-NAME","OTHER","I-NAME","OTHER","B-QTY","I-QTY","I-QTY","B-NAME"


"1","5","-","inch","lemongrass","stalk",",","tough","outer","layers","removed",",","finely","chopped","(","about","2","tablespoons",")"
"1","5","-","inch","lemongrass","stalk",",","tough","outer","layers","removed",",","finely","chopped","(","about","2","tablespoons",")"
"B-QTY","B-UNIT","I-UNIT","I-UNIT","B-NAME","I-NAME","OTHER","B-COMMENT","I-COMMENT","I-COMMENT","I-COMMENT","I-COMMENT","I-COMMENT","I-COMMENT","I-COMMENT","I-COMMENT","I-COMMENT","I-COMMENT","I-COMMENT"
"B-QTY","B-UNIT","I-UNIT","I-UNIT","B-NAME","I-UNIT","OTHER","B-COMMENT","I-COMMENT","I-COMMENT","I-COMMENT","I-COMMENT","I-COMMENT","I-COMMENT","I-COMMENT","I-COMMENT","I-COMMENT","I-COMMENT","I-COMMENT"


"Lime","wedges",",","for","serving"
"Lime","wedges",",","for","serving"
"B-NAME","I-NAME","OTHER","B-COMMENT","I-COMMENT"
"B-NAME","B-UNIT","OTHER","B-COMMENT","I-COMMENT"


"12","ounces","boneless","beef","sirloin","steak",",","thinly","sliced","across","the","grain","(","see","Tip",")"
"12","ounces","boneless","beef","sirloin","steak",",","thinly","sliced","across","the","grain","(","see","Tip",")"
"B-QTY","B-UNIT","B-NAME","I-NAME","I-NAME","I-NAME","OTHER","B-COMMENT","I-COMMENT","I-COMMENT","I-COMMENT","I-COMMENT","I-COMMENT","I-COMMENT","I-COMMENT","I-COMMENT"
"B-QTY","B-UNIT","B-NAME","I-NAME","I-NAME","I-NAME","OTHER","B-COMMENT","I-COMMENT","I-COMMENT","I-COMMENT","I-COMMENT","OTHER","OTHER","OTHER","OTHER"


"1","very","small","(",".","5","oz","15","g",")","bunch","cilantro","sprigs"
"1","very","small","(",".","5","oz","15","g",")","bunch","cilantro","sprigs"
"B-QTY","B-UNIT","I-UNIT","OTHER","I-UNIT","I-UNIT","I-UNIT","I-UNIT","I-COMMENT","OTHER","I-UNIT","B-NAME","I-NAME"
"B-QTY","B-UNIT","I-UNIT","OTHER","I-UNIT","I-UNIT","I-UNIT","I-UNIT","I-UNIT","OTHER","I-UNIT","B-NAME","I-NAME"


"(","optional","1","-","2","teaspoons","sriracha",",","added","to","taste",")"
"(","optional","1","-","2","teaspoons","sriracha",",","added","to","taste",")"
"OTHER","B-COMMENT","B-QTY","OTHER","B-QTY","B-UNIT","B-NAME","I-COMMENT","I-COMMENT","I-COMMENT","I-COMMENT","I-COMMENT"
"OTHER","B-COMMENT","B-QTY","OTHER","B-QTY","B-UNIT","B-NAME","I-COMMENT","I-COMMENT","I-COMMENT","I-COMMENT","OTHER"


"1","(","10","-","oz",".",")","French","bread","loaf"
"1","(","10","-","oz",".",")","French","bread","loaf"
"B-QTY","OTHER","B-UNIT","I-UNIT","I-UNIT","OTHER","OTHER","B-NAME","I-NAME","I-NAME"
"B-QTY","OTHER","B-UNIT","I-UNIT","I-UNIT","OTHER","OTHER","B-NAME","I-NAME","I-UNIT"


"1","lb","turkey","pastrami","(","or"
"1","lb","turkey","pastrami","(","or"
"B-QTY","B-UNIT","B-NAME","I-NAME","OTHER","B-COMMENT"
"B-QTY","B-UNIT","B-NAME","I-NAME","OTHER","OTHER"


"1","Yellow","onion","(","Thinly","sliced",")"
"1","Yellow","onion","(","Thinly","sliced",")"
"B-QTY","B-NAME","I-NAME","OTHER","B-COMMENT","I-COMMENT","OTHER"
"B-QTY","B-UNIT","B-NAME","OTHER","B-COMMENT","I-COMMENT","OTHER"


"1","can","(","10",".","5","oz",")","condensed","golden","mushroom","or","cream","of","mushroom","soup"
"1","can","(","10",".","5","oz",")","condensed","golden","mushroom","or","cream","of","mushroom","soup"
"B-QTY","B-UNIT","OTHER","I-UNIT","I-UNIT","I-UNIT","I-UNIT","OTHER","B-NAME","I-NAME","I-NAME","B-COMMENT","I-COMMENT","I-COMMENT","I-COMMENT","I-COMMENT"
"B-QTY","B-UNIT","OTHER","I-UNIT","I-UNIT","I-UNIT","I-UNIT","OTHER","B-NAME","I-NAME","I-NAME","B-COMMENT","I-COMMENT","I-COMMENT","I-COMMENT","I-NAME"


"fresh","-","ground","black","pepper","to","taste"
"fresh","-","ground","black","pepper","to","taste"
"OTHER","OTHER","I-NAME","I-NAME","I-NAME","B-COMMENT","I-COMMENT"
"OTHER","OTHER","B-NAME","I-NAME","I-NAME","B-COMMENT","I-COMMENT"


"1","/","4","cup","sautéed","mushrooms"
"1","/","4","cup","sautéed","mushrooms"
"B-QTY","I-QTY","I-QTY","B-UNIT","B-NAME","I-NAME"
"B-QTY","I-QTY","I-QTY","B-UNIT","B-COMMENT","B-NAME"


"Romaine","lettuce","leaves",",","for","serving"
"Romaine","lettuce","leaves",",","for","serving"
"B-NAME","I-NAME","I-NAME","OTHER","B-COMMENT","I-COMMENT"
"B-NAME","I-NAME","B-UNIT","OTHER","B-COMMENT","I-COMMENT"


"BBQ","Chickpea","Nuts"
"BBQ","Chickpea","Nuts"
"OTHER","OTHER","I-NAME"
"B-NAME","I-NAME","I-NAME"


"2","leaves","bay"
"2","leaves","bay"
"B-QTY","B-UNIT","B-NAME"
"B-QTY","I-NAME","B-NAME"


"A","few","sprigs","of","cilantro","per","sandwich"
"A","few","sprigs","of","cilantro","per","sandwich"
"OTHER","B-QTY","B-UNIT","OTHER","B-NAME","OTHER","I-COMMENT"
"B-QTY","I-QTY","B-UNIT","OTHER","B-NAME","B-COMMENT","I-COMMENT"


"3","cups","cooked","lentils","(","I","used","green","lentils","because","they","told","their","shape","after","being","cooked",")"
"3","cups","cooked","lentils","(","I","used","green","lentils","because","they","told","their","shape","after","being","cooked",")"
"B-QTY","B-UNIT","I-UNIT","B-NAME","I-COMMENT","I-COMMENT","I-COMMENT","I-COMMENT","I-COMMENT","I-COMMENT","I-COMMENT","I-COMMENT","I-COMMENT","I-COMMENT","I-COMMENT","I-COMMENT","I-COMMENT","I-COMMENT"
"B-QTY","B-UNIT","I-UNIT","B-NAME","OTHER","B-COMMENT","I-COMMENT","I-COMMENT","I-COMMENT","I-COMMENT","I-COMMENT","I-COMMENT","I-COMMENT","I-COMMENT","I-COMMENT","I-COMMENT","I-COMMENT","OTHER"


"1","pinch","salt","and","ground","black","pepper","to","taste"
"1","pinch","salt","and","ground","black","pepper","to","taste"
"B-QTY","B-UNIT","B-NAME","OTHER","B-NAME","I-NAME","I-NAME","B-COMMENT","I-COMMENT"
"B-QTY","B-UNIT","B-NAME","OTHER","OTHER","B-NAME","I-NAME","B-COMMENT","I-COMMENT"


"1","/","2","teaspoon","onion","powder","and","/","or","garlic","powder"
"1","/","2","teaspoon","onion","powder","and","/","or","garlic","powder"
"B-QTY","I-QTY","I-QTY","B-UNIT","B-NAME","I-NAME","OTHER","OTHER","I-COMMENT","I-COMMENT","I-COMMENT"
"B-QTY","I-QTY","I-QTY","B-UNIT","B-NAME","I-NAME","OTHER","OTHER","B-COMMENT","I-COMMENT","I-COMMENT"


"1","(","32","ounce",")","jar","prepared","marinara","sauce"
"1","(","32","ounce",")","jar","prepared","marinara","sauce"
"B-QTY","OTHER","B-UNIT","I-UNIT","OTHER","I-UNIT","B-NAME","I-NAME","I-NAME"
"B-QTY","OTHER","B-UNIT","I-UNIT","OTHER","I-UNIT","OTHER","B-NAME","I-NAME"


"4","thin","chicken","cutlets",",","about","3","oz","each"
"4","thin","chicken","cutlets",",","about","3","oz","each"
"B-QTY","B-UNIT","B-NAME","I-NAME","OTHER","I-UNIT","I-UNIT","I-COMMENT","I-COMMENT"
"B-QTY","B-UNIT","B-NAME","I-NAME","OTHER","B-COMMENT","I-COMMENT","I-COMMENT","I-COMMENT"


"1","Yellow","onion","(","Thinly","sliced",")"
"1","Yellow","onion","(","Thinly","sliced",")"
"B-QTY","B-NAME","I-NAME","OTHER","B-COMMENT","I-COMMENT","OTHER"
"B-QTY","B-UNIT","B-NAME","OTHER","B-COMMENT","I-COMMENT","OTHER"


"1","tablespoon","lemon","zest",",","plus","1","tablespoon","juice","(","from","1","lemon",")"
"1","tablespoon","lemon","zest",",","plus","1","tablespoon","juice","(","from","1","lemon",")"
"B-QTY","B-UNIT","B-NAME","I-NAME","OTHER","OTHER","B-QTY","B-UNIT","B-NAME","I-COMMENT","I-COMMENT","I-COMMENT","I-COMMENT","OTHER"
"B-QTY","B-UNIT","B-NAME","I-NAME","OTHER","B-COMMENT","I-COMMENT","I-COMMENT","I-COMMENT","OTHER","I-COMMENT","B-QTY","B-NAME","I-COMMENT"


"600","g","/","21","oz","canned","chickpeas","(",",","drained","and","rinsed","(","1",".","5","standard","cans",",","Note","2",")",")"
"600","g","/","21","oz","canned","chickpeas","(",",","drained","and","rinsed","(","1",".","5","standard","cans",",","Note","2",")",")"
"B-QTY","B-UNIT","OTHER","B-QTY","B-UNIT","B-NAME","I-NAME","OTHER","OTHER","B-COMMENT","I-COMMENT","I-COMMENT","I-COMMENT","I-COMMENT","I-COMMENT","I-COMMENT","I-COMMENT","I-COMMENT","OTHER","OTHER","OTHER","OTHER","OTHER"
"B-QTY","B-UNIT","OTHER","B-QTY","B-UNIT","B-NAME","I-NAME","OTHER","OTHER","B-COMMENT","I-COMMENT","I-COMMENT","I-COMMENT","I-COMMENT","I-COMMENT","I-COMMENT","I-COMMENT","I-COMMENT","OTHER","OTHER","OTHER","I-COMMENT","OTHER"


"Unsalted","butter","(","softened",")"
"Unsalted","butter","(","softened",")"
"B-NAME","I-NAME","OTHER","B-COMMENT","OTHER"
"B-NAME","I-NAME","OTHER","I-COMMENT","OTHER"


"1","/","2","teaspoon","onion","powder","and","/","or","garlic","powder"
"1","/","2","teaspoon","onion","powder","and","/","or","garlic","powder"
"B-QTY","I-QTY","I-QTY","B-UNIT","B-NAME","I-NAME","OTHER","OTHER","I-COMMENT","I-COMMENT","I-COMMENT"
"B-QTY","I-QTY","I-QTY","B-UNIT","B-NAME","I-NAME","OTHER","OTHER","B-COMMENT","I-COMMENT","I-COMMENT"


"1","Yellow","onion","(","Thinly","sliced",")"
"1","Yellow","onion","(","Thinly","sliced",")"
"B-QTY","B-NAME","I-NAME","OTHER","B-COMMENT","I-COMMENT","OTHER"
"B-QTY","B-UNIT","B-NAME","OTHER","B-COMMENT","I-COMMENT","OTHER"


"1","/","3","cup","gochujang","(","Korean","chile","sauce",")"
"1","/","3","cup","gochujang","(","Korean","chile","sauce",")"
"B-QTY","I-QTY","I-QTY","B-UNIT","B-NAME","OTHER","B-COMMENT","I-COMMENT","I-COMMENT","OTHER"
"B-QTY","I-QTY","I-QTY","B-UNIT","B-NAME","OTHER","I-NAME","I-NAME","I-NAME","OTHER"


"2","thick",",","wild","salmon","fillets","(","6","to","8","ounces","each",")"
"2","thick",",","wild","salmon","fillets","(","6","to","8","ounces","each",")"
"B-QTY","B-NAME","I-NAME","I-NAME","I-NAME","I-UNIT","OTHER","B-COMMENT","I-COMMENT","I-COMMENT","I-COMMENT","I-COMMENT","OTHER"
"B-QTY","B-UNIT","OTHER","B-NAME","I-NAME","I-UNIT","OTHER","I-UNIT","I-UNIT","I-UNIT","I-UNIT","OTHER","OTHER"


"A","few","sprigs","of","cilantro","per","sandwich"
"A","few","sprigs","of","cilantro","per","sandwich"
"OTHER","B-QTY","B-UNIT","OTHER","B-NAME","OTHER","I-COMMENT"
"B-QTY","I-QTY","B-UNIT","OTHER","B-NAME","B-COMMENT","I-COMMENT"


"8","kaiser","rolls"
"8","kaiser","rolls"
"B-QTY","B-NAME","I-NAME"
"B-QTY","B-NAME","B-UNIT"


"1","pinch","salt","and","ground","black","pepper","to","taste"
"1","pinch","salt","and","ground","black","pepper","to","taste"
"B-QTY","B-UNIT","B-NAME","OTHER","B-NAME","I-NAME","I-NAME","B-COMMENT","I-COMMENT"
"B-QTY","B-UNIT","B-NAME","OTHER","OTHER","B-NAME","I-NAME","B-COMMENT","I-COMMENT"


